ID USER;DNI;APELLIDO;NOMBRE;FECHA INGRESO
1;12345678;ILLANES;Majo;13/11/2022
2;39162243;MARTINEZ;Martin;13/11/2022
3;92620868;SALDIVIA;Gladys;13/11/2022
4;23456789;PRESLEY;Elvis;14/11/2022
5;33333333;GIMENEZ;Susana;14/11/2022
6;118528638;FEVERYEAR;Danell;15/11/2022
7;44927827;KUBERA;Daniella;15/11/2022
8;485166377;STRAHAN;Lotti;15/11/2022
9;134381817;GLAZIER;Herve;15/11/2022
10;335739513;LOCOCK;Vinni;15/11/2022
11;85823517;DUMBLETON;Cordy;15/11/2022
12;554554569;DRAGGE;Gwenneth;15/11/2022
13;460216275;LOVEWELL;Ame;15/11/2022
14;170165842;PIKEN;Benjie;15/11/2022
15;476072600;MERTEL;Carine;15/11/2022
16;244212078;NEALY;Wolfgang;15/11/2022
17;26668133;BABE;Kelvin;15/11/2022
18;551152634;PRESSLEE;Hana;15/11/2022
19;241702944;GRISENTHWAITE;Clarisse;15/11/2022
20;465080662;TRAZZI;Gard;15/11/2022
21;289925572;FORESIGHT;Alla;15/11/2022
22;528512672;CAZE;Ethyl;15/11/2022
23;209603532;MANIFIELD;Kirstyn;15/11/2022
24;75620445;HUGUET;Levey;15/11/2022
25;520981544;CAYTON;Silvia;15/11/2022
26;290075824;POLK;Ryan;15/11/2022
27;329049343;JINDA;Vannie;15/11/2022
28;512883558;ALYUKIN;Egor;15/11/2022
29;446886231;DESSEINE;Theo;15/11/2022
30;393989050;BAWCOCK;Devland;15/11/2022
31;332728879;GROUCUTT;Letitia;15/11/2022
32;14912491;MILAN;Riobard;15/11/2022
33;174344998;ARLOTT;Eliza;15/11/2022
34;17097852;PARAMORE;Inesita;15/11/2022
35;260917195;MORENA;Jamison;15/11/2022
36;124169682;BEDDOW;Camille;15/11/2022
37;259639050;SCHOTT;Salome;15/11/2022
38;168258516;FARMAR;Marcello;15/11/2022
39;430687982;SOLLEY;Corena;15/11/2022
40;533486414;AITCHESON;Innis;15/11/2022
41;128302879;HAUXBY;Jeane;15/11/2022
42;30805673;SPILSTED;Eberto;15/11/2022
43;65952764;SPURNIER;Robinett;15/11/2022
44;211863763;CHATWOOD;Jeremy;15/11/2022
45;214211112;BURREN;Elisabet;15/11/2022
46;386121894;SCOTCHBOUROUGE;Aymer;15/11/2022
47;373738411;BLEAKLEY;Josias;15/11/2022
48;321401703;BENDITT;Abbey;15/11/2022
49;443411441;ANTONOGNOLI;Carolina;15/11/2022
50;265187974;CALLEJA;Jacquelynn;15/11/2022
51;282980408;DULSON;Therine;15/11/2022
52;295854228;OHLSEN;Janetta;15/11/2022
53;548563539;ELLERMAN;Rhianna;15/11/2022
54;587155454;READMIRE;Vanni;15/11/2022
55;44916572;CRANMOR;Rhetta;15/11/2022
56;574587108;SHOORBROOKE;Shae;15/11/2022
57;204891866;BOWLLER;Roanne;15/11/2022
58;228792949;MATTEUCCI;Jacinda;15/11/2022
59;134987828;ROCKWELL;Nolie;15/11/2022
60;129112323;RADELIFFE;Helli;15/11/2022
61;12480219;RUPRECHT;Clarey;15/11/2022
62;418432664;JEFFELS;Lem;15/11/2022
63;302860023;FRISCH;Kacy;15/11/2022
64;596974228;MELLISH;Sherwynd;15/11/2022
65;465354293;PETROVIC;Dara;15/11/2022
66;538112881;STUTHER;Chryste;15/11/2022
67;425003154;EYCKELBERG;Sherill;15/11/2022
68;130338158;FOWLS;Emmanuel;15/11/2022
69;65792438;MALT;Shannen;15/11/2022
70;95432240;LENAHAN;Roland;15/11/2022
71;262564435;DUDMESH;Winthrop;15/11/2022
72;452603290;TERTRE;Heda;15/11/2022
73;306720888;WETHERALD;Ulrike;15/11/2022
74;240246672;ENSLEY;Jude;15/11/2022
75;573976561;SALTSBERGER;Gates;15/11/2022
76;19957547;FELD;Keelia;15/11/2022
77;505515338;COSTIGAN;Georgine;15/11/2022
78;292150772;LEDINGTON;Julie;15/11/2022
79;413507643;MOHUN;Jerrome;15/11/2022
80;46680782;RIDGERS;Gabriella;15/11/2022
81;297259942;MUFFIN;Emmalynne;15/11/2022
82;184512526;KYNETT;Orly;15/11/2022
83;347138746;CALABRY;Annissa;15/11/2022
84;24150315;WHITLAM;Bendick;15/11/2022
85;482614428;ISHCHENKO;Stanislaus;15/11/2022
86;279962065;CLYMA;Cyb;15/11/2022
87;381067462;BEEVORS;Richmound;15/11/2022
88;194288465;KORDES;Maye;15/11/2022
89;34551489;AMSBERGER;Eleonore;15/11/2022
90;113946774;KOWALIK;Tiertza;15/11/2022
91;431347973;DORCEY;Gail;15/11/2022
92;179100052;MAGENNY;Mona;15/11/2022
93;417526248;LORRIE;Dave;15/11/2022
94;527798894;MATTHOLIE;Ileana;15/11/2022
95;500847008;OXX;Lemmy;15/11/2022
96;285387402;BUFFY;Trumaine;15/11/2022
97;380445290;GRIER;Rosabella;15/11/2022
98;282047613;GEDNEY;Prue;15/11/2022
99;45933312;LANGWORTHY;Corrie;15/11/2022
100;27532109;TROUBRIDGE;Harmony;15/11/2022
101;470993244;IRELAND;Leshia;15/11/2022
102;61584675;MOOHAN;Federica;15/11/2022
103;108208540;ALEKSEICIK;Catriona;15/11/2022
104;288927641;PHILPIN;Ferne;15/11/2022
105;308244750;THOWLESS;Lorianna;15/11/2022
